{"cameraMode":{"drawMode":0,"name":"Shaded","section":"Shading Mode"},"sceneLighting":true,"audioPlay":false,"sceneViewState":{"m_AlwaysRefresh":false,"showFog":true,"showSkybox":true,"showFlares":true,"showImageEffects":true,"showParticleSystems":true,"showVisualEffectGraphs":true,"m_FxEnabled":true},"in2DMode":false,"pivot":{"x":3.425635814666748,"y":5.305341720581055,"z":3.43955659866333},"rotation":{"x":-0.03551863506436348,"y":0.01921634003520012,"z":0.0009776875376701356,"w":-0.9992304444313049},"size":8.158987998962403,"orthographic":true}