{"cameraMode":{"drawMode":0,"name":"Shaded","section":"Shading Mode"},"sceneLighting":true,"audioPlay":false,"sceneViewState":{"m_AlwaysRefresh":false,"showFog":true,"showSkybox":true,"showFlares":true,"showImageEffects":true,"showParticleSystems":true,"showVisualEffectGraphs":true,"m_FxEnabled":true},"in2DMode":false,"pivot":{"x":0.013513408601284027,"y":1.6139111518859864,"z":-4.8003692626953129},"rotation":{"x":0.04199118912220001,"y":-0.014683203771710396,"z":0.00033592997351661325,"w":0.9991005063056946},"size":8.691567420959473,"orthographic":true}